USER_ID,AGE,GENDER
1,28,M
2,19,M
3,40,F
4,62,F
5,47,F
6,22,M
7,53,F
8,44,F
9,19,F
10,41,M
11,44,M
12,31,F
13,25,F
14,23,M
15,29,M
16,40,M
17,18,F
18,49,M
19,19,F
20,33,M
21,31,M
22,24,M
23,34,M
24,20,M
25,25,F
26,27,M
27,42,M
28,28,M
29,22,F
30,50,F
31,29,F
32,42,M
33,29,M
34,19,M
35,43,M
36,56,M
37,49,F
38,44,F
39,31,F
40,55,M
41,31,F
42,37,M
43,47,M
44,37,M
45,33,M
46,50,F
47,57,M
48,23,F
49,19,F
50,54,F
51,41,F
52,24,M
53,28,F
54,53,F
55,30,M
56,40,F
57,29,F
58,22,M
59,41,M
60,35,F
61,53,M
62,46,F
63,18,F
64,47,M
65,41,F
66,24,M
67,34,F
68,33,M
69,48,F
70,20,F
71,24,M
72,30,M
73,51,F
74,18,F
75,57,F
76,26,F
77,34,F
78,25,M
79,28,F
80,26,M
81,23,F
82,43,M
83,24,M
84,47,F
85,27,M
86,50,F
87,37,M
88,18,F
89,32,M
90,40,F
91,53,M
92,29,M
93,39,M
94,44,F
95,41,F
96,32,M
97,53,F
98,39,M
99,39,F
100,39,F
101,53,M
102,38,F
103,23,M
104,54,M
105,36,F
106,48,M
107,25,F
108,43,M
109,21,F
110,40,F
111,43,M
112,22,F
113,30,F
114,43,F
115,35,F
116,41,M
117,35,M
118,37,M
119,55,M
120,39,M
121,43,M
122,27,F
123,61,F
124,44,M
125,20,F
126,27,F
127,20,M
128,48,F
129,46,F
130,43,M
131,42,F
132,20,F
133,27,M
134,36,F
135,37,M
136,61,M
137,72,M
138,21,F
139,27,F
140,43,F
141,37,F
142,19,M
143,22,M
144,18,F
145,25,M
146,39,M
147,21,F
148,36,M
149,29,F
150,31,M
151,26,M
152,43,F
153,39,F
154,27,M
155,30,F
156,46,F
157,38,M
158,39,M
159,23,M
160,34,F
161,44,M
162,43,F
163,32,M
164,59,F
165,52,F
166,45,F
167,38,F
168,27,M
169,52,M
170,30,M
171,19,F
172,41,F
173,36,M
174,50,F
175,35,F
176,29,F
177,34,M
178,25,M
179,34,F
180,38,M
181,25,M
182,19,F
183,24,M
184,19,M
185,38,M
186,38,M
187,22,M
188,30,F
189,32,F
190,63,F
191,26,M
192,18,F
193,55,M
194,43,M
195,58,M
196,47,F
197,40,F
198,53,M
199,28,F
200,33,M
201,19,F
202,33,M
203,81,M
204,42,M
205,46,F
206,50,M
207,46,F
208,35,F
209,50,F
210,39,M
211,48,F
212,32,M
213,50,F
214,51,M
215,25,M
216,18,F
217,32,F
218,43,F
219,25,F
220,35,F
221,41,F
222,22,M
223,42,F
224,21,F
225,42,M
226,47,F
227,56,F
228,30,F
229,20,F
230,69,F
231,42,M
232,26,M
233,26,F
234,21,M
235,24,F
236,24,M
237,43,F
238,40,M
239,40,M
240,19,F
241,42,F
242,26,F
243,40,M
244,18,F
245,22,F
246,23,M
247,36,F
248,41,F
249,61,M
250,38,M
251,29,F
252,34,M
253,49,F
254,45,M
255,37,F
256,41,F
257,27,M
258,42,M
259,25,M
260,47,F
261,27,F
262,42,F
263,19,M
264,27,F
265,41,F
266,25,F
267,31,F
268,21,F
269,18,M
270,21,M
271,22,F
272,22,M
273,48,F
274,49,M
275,48,F
276,20,F
277,32,M
278,44,M
279,20,M
280,20,M
281,48,M
282,70,F
283,30,M
284,29,M
285,31,F
286,31,M
287,64,M
288,61,M
289,40,M
290,37,M
291,29,F
292,51,M
293,34,M
294,32,M
295,34,F
296,18,M
297,22,F
298,22,F
299,20,F
300,36,M
301,52,F
302,51,M
303,34,M
304,21,M
305,23,M
306,45,F
307,35,M
308,34,F
309,50,F
310,19,M
311,24,M
312,31,M
313,36,F
314,46,F
315,50,M
316,32,M
317,31,M
318,44,F
319,48,F
320,18,M
321,33,M
322,27,M
323,23,M
324,19,M
325,40,F
326,60,M
327,51,F
328,58,F
329,25,F
330,24,F
331,45,M
332,18,F
333,48,F
334,22,M
335,31,F
336,31,M
337,40,M
338,44,M
339,26,F
340,28,F
341,35,F
342,35,F
343,31,F
344,48,M
345,27,M
346,36,M
347,44,M
348,18,F
349,20,F
350,34,F
351,34,M
352,49,M
353,35,F
354,21,M
355,20,F
356,33,F
357,20,F
358,27,F
359,24,M
360,28,M
361,48,F
362,32,M
363,44,F
364,18,F
365,40,F
366,18,M
367,44,F
368,36,M
369,60,M
370,50,M
371,41,F
372,74,M
373,26,M
374,45,F
375,36,F
376,22,F
377,46,F
378,28,M
379,27,M
380,45,F
381,24,M
382,35,M
383,37,M
384,44,M
385,35,F
386,44,M
387,58,M
388,60,F
389,38,M
390,63,M
391,28,M
392,44,F
393,25,M
394,29,M
395,23,M
396,28,M
397,47,F
398,43,M
399,22,F
400,31,M
401,39,F
402,41,F
403,50,F
404,53,M
405,29,M
406,20,F
407,30,M
408,27,F
409,31,M
410,23,F
411,38,F
412,29,M
413,40,F
414,65,M
415,36,M
416,46,F
417,55,M
418,27,M
419,39,M
420,22,M
421,51,M
422,33,M
423,35,M
424,22,F
425,19,F
426,25,M
427,32,M
428,32,M
429,41,F
430,44,M
431,29,M
432,34,M
433,33,F
434,33,F
435,41,M
436,46,F
437,23,M
438,33,M
439,22,F
440,29,F
441,33,M
442,48,M
443,23,M
444,31,F
445,30,M
446,50,M
447,22,M
448,44,M
449,29,M
450,49,M
451,25,M
452,39,F
453,26,F
454,22,F
455,40,M
456,41,F
457,33,F
458,49,M
459,47,M
460,18,F
461,34,M
462,31,F
463,24,M
464,33,F
465,33,F
466,34,M
467,56,F
468,23,F
469,34,M
470,68,M
471,48,F
472,40,F
473,22,F
474,43,F
475,39,M
476,63,F
477,52,M
478,56,M
479,24,F
480,38,F
481,19,M
482,22,F
483,35,F
484,28,F
485,26,F
486,28,M
487,43,M
488,54,F
489,27,F
490,33,F
491,36,M
492,22,M
493,34,F
494,35,M
495,37,F
496,33,F
497,27,M
498,50,F
499,61,M
500,21,M
501,38,F
502,38,M
503,42,F
504,19,F
505,33,M
506,45,M
507,43,M
508,39,F
509,46,M
510,31,F
511,38,M
512,45,F
513,42,M
514,39,M
515,26,F
516,34,M
517,36,F
518,23,F
519,50,M
520,20,F
521,50,M
522,33,M
523,43,M
524,57,F
525,34,F
526,30,M
527,49,M
528,28,M
529,40,M
530,53,M
531,39,F
532,31,M
533,45,M
534,33,M
535,31,F
536,27,F
537,37,F
538,36,M
539,38,M
540,50,F
541,48,F
542,38,M
543,37,M
544,50,M
545,21,F
546,45,F
547,19,M
548,21,M
549,53,F
550,35,F
551,25,M
552,18,M
553,22,F
554,39,M
555,34,M
556,38,F
557,29,F
558,50,F
559,42,M
560,49,M
561,31,M
562,38,F
563,38,F
564,38,M
565,34,M
566,26,F
567,29,F
568,31,M
569,20,M
570,29,F
571,39,M
572,29,F
573,33,M
574,44,M
575,29,F
576,35,F
577,29,M
578,40,F
579,30,F
580,42,F
581,37,M
582,44,M
583,55,F
584,36,M
585,32,M
586,66,F
587,23,M
588,18,F
589,21,M
590,26,F
591,36,F
592,27,F
593,25,M
594,36,M
595,26,M
596,43,M
597,44,F
598,25,F
599,22,F
600,36,M
601,22,M
602,19,F
603,25,M
604,31,M
605,43,F
606,49,M
607,58,M
608,22,M
609,36,M
610,31,M
611,39,F
612,52,M
613,32,M
614,37,F
615,53,M
616,51,M
617,34,M
618,43,M
619,66,M
620,40,F
621,39,M
622,42,F
623,57,M
624,20,F
625,27,F
626,20,M
627,26,F
628,31,M
629,37,M
630,26,F
631,35,M
632,19,F
633,62,F
634,40,M
635,22,M
636,63,F
637,37,F
638,41,F
639,32,F
640,58,F
641,24,M
642,37,F
643,30,F
644,44,F
645,32,F
646,37,M
647,30,M
648,20,M
649,24,F
650,37,F
651,38,M
652,56,M
653,38,F
654,29,F
655,28,M
656,33,M
657,53,F
658,30,F
659,56,M
660,19,M
661,49,M
662,47,F
663,42,F
664,26,M
665,20,M
666,23,M
667,31,F
668,30,F
669,41,F
670,22,F
671,35,F
672,20,F
673,49,M
674,23,M
675,47,M
676,59,M
677,20,M
678,39,F
679,40,F
680,21,F
681,41,M
682,39,F
683,27,F
684,48,F
685,64,M
686,23,M
687,53,M
688,48,F
689,50,M
690,35,F
691,39,F
692,37,M
693,31,M
694,27,F
695,47,F
696,40,M
697,31,F
698,26,F
699,34,M
700,41,F
701,49,F
702,41,M
703,25,F
704,34,M
705,43,M
706,49,F
707,35,F
708,30,F
709,31,F
710,37,F
711,31,F
712,43,M
713,23,F
714,25,M
715,28,F
716,25,F
717,59,F
718,35,M
719,47,M
720,41,M
721,38,F
722,27,M
723,52,F
724,42,M
725,35,F
726,41,F
727,20,F
728,41,F
729,45,F
730,38,F
731,33,M
732,24,M
733,20,M
734,27,M
735,38,M
736,29,F
737,20,M
738,41,M
739,20,M
740,42,F
741,24,F
742,20,F
743,33,M
744,51,F
745,28,F
746,43,M
747,47,F
748,38,F
749,40,M
750,34,M
751,43,M
752,39,M
753,19,M
754,19,M
755,47,M
756,44,F
757,48,M
758,36,M
759,63,M
760,26,F
761,54,M
762,35,F
763,41,M
764,27,M
765,49,M
766,34,M
767,20,M
768,27,F
769,32,F
770,55,F
771,23,M
772,58,M
773,25,M
774,39,F
775,23,F
776,54,M
777,42,M
778,28,F
779,29,F
780,47,F
781,52,F
782,18,M
783,31,F
784,52,F
785,20,M
786,29,F
787,46,M
788,51,M
789,49,M
790,48,F
791,50,M
792,25,M
793,43,M
794,35,F
795,70,M
796,33,F
797,27,M
798,34,M
799,43,F
800,53,F
801,40,F
802,45,F
803,45,M
804,45,F
805,22,F
806,28,F
807,58,F
808,39,M
809,57,M
810,26,F
811,27,M
812,45,M
813,36,F
814,25,M
815,51,F
816,43,M
817,30,F
818,22,F
819,42,F
820,33,M
821,27,M
822,52,F
823,19,M
824,34,F
825,24,M
826,22,M
827,27,F
828,29,F
829,41,M
830,41,F
831,37,M
832,36,M
833,35,F
834,27,F
835,33,F
836,30,M
837,24,M
838,43,M
839,33,M
840,29,F
841,35,M
842,65,F
843,29,M
844,31,M
845,41,M
846,41,F
847,42,M
848,55,M
849,39,M
850,57,M
851,30,F
852,43,F
853,27,F
854,25,F
855,24,F
856,28,F
857,23,M
858,29,M
859,31,F
860,47,M
861,40,M
862,38,M
863,41,F
864,67,F
865,48,F
866,22,F
867,41,F
868,30,M
869,22,F
870,30,F
871,40,M
872,23,F
873,48,M
874,29,M
875,23,M
876,47,M
877,30,M
878,27,F
879,53,F
880,51,M
881,18,F
882,37,M
883,65,M
884,57,M
885,24,F
886,54,F
887,33,F
888,21,M
889,43,M
890,35,F
891,41,M
892,30,F
893,27,M
894,34,F
895,22,F
896,37,M
897,42,M
898,31,F
899,30,F
900,43,M
901,41,F
902,58,F
903,30,F
904,29,F
905,46,M
906,35,M
907,48,F
908,39,F
909,27,M
910,29,F
911,31,F
912,24,F
913,31,F
914,47,F
915,37,F
916,46,F
917,41,M
918,54,F
919,39,F
920,27,F
921,35,F
922,42,F
923,32,F
924,33,M
925,45,F
926,33,M
927,58,M
928,60,M
929,33,F
930,42,M
931,18,M
932,55,M
933,48,M
934,45,F
935,22,M
936,40,M
937,45,M
938,32,M
939,44,F
940,21,F
941,35,M
942,42,M
943,46,F
944,31,F
945,25,M
946,48,F
947,32,M
948,33,M
949,32,F
950,63,F
951,36,F
952,58,F
953,37,M
954,65,M
955,18,F
956,43,M
957,18,M
958,19,F
959,49,F
960,18,M
961,39,F
962,28,M
963,30,F
964,45,M
965,39,F
966,41,M
967,22,F
968,38,M
969,55,F
970,19,F
971,53,M
972,38,F
973,29,F
974,31,M
975,49,M
976,30,F
977,29,F
978,27,F
979,38,F
980,24,M
981,21,F
982,29,F
983,56,M
984,28,M
985,33,F
986,42,F
987,36,M
988,45,F
989,51,F
990,27,F
991,29,M
992,22,F
993,19,F
994,37,M
995,32,M
996,63,F
997,32,F
998,36,F
999,26,M
1000,45,F
1001,54,M
1002,41,F
1003,22,F
1004,37,M
1005,44,F
1006,48,M
1007,37,M
1008,56,M
1009,45,M
1010,40,M
1011,28,F
1012,51,M
1013,26,M
1014,32,M
1015,49,M
1016,30,M
1017,18,F
1018,18,M
1019,49,M
1020,37,M
1021,24,M
1022,46,M
1023,21,F
1024,23,F
1025,39,F
1026,54,M
1027,42,M
1028,52,F
1029,39,M
1030,48,M
1031,26,F
1032,45,M
1033,37,F
1034,39,F
1035,65,F
1036,33,M
1037,50,F
1038,32,M
1039,45,F
1040,57,M
1041,40,M
1042,46,M
1043,35,M
1044,45,F
1045,40,F
1046,51,F
1047,29,M
1048,43,F
1049,20,M
1050,23,F
1051,35,M
1052,30,F
1053,21,F
1054,36,F
1055,53,M
1056,37,F
1057,35,M
1058,25,M
1059,40,M
1060,44,M
1061,52,M
1062,44,M
1063,45,F
1064,21,M
1065,34,F
1066,46,F
1067,49,F
1068,33,M
1069,52,M
1070,39,F
1071,44,M
1072,46,M
1073,31,F
1074,42,F
1075,42,F
1076,38,F
1077,20,M
1078,26,M
1079,32,M
1080,19,M
1081,35,F
1082,71,M
1083,24,M
1084,39,F
1085,42,M
1086,41,F
1087,46,F
1088,53,F
1089,69,M
1090,36,F
1091,39,F
1092,25,F
1093,20,F
1094,19,F
1095,70,M
1096,29,F
1097,40,F
1098,39,M
1099,29,F
1100,47,M
1101,46,F
1102,40,M
1103,38,F
1104,49,M
1105,30,F
1106,52,M
1107,33,M
1108,42,F
1109,23,M
1110,27,M
1111,36,M
1112,31,F
1113,25,F
1114,58,M
1115,19,M
1116,19,M
1117,43,M
1118,54,F
1119,32,M
1120,39,M
1121,22,M
1122,53,M
1123,31,M
1124,54,M
1125,41,F
1126,19,F
1127,36,F
1128,31,F
1129,66,F
1130,22,F
1131,28,F
1132,48,F
1133,26,M
1134,26,F
1135,38,M
1136,26,M
1137,54,F
1138,24,M
1139,43,F
1140,48,M
1141,39,F
1142,22,F
1143,18,M
1144,54,F
1145,31,F
1146,24,F
1147,47,F
1148,23,M
1149,33,M
1150,26,M
1151,47,M
1152,33,M
1153,25,M
1154,19,F
1155,28,F
1156,26,F
1157,44,F
1158,46,F
1159,40,M
1160,22,M
1161,43,F
1162,21,F
1163,20,M
1164,23,M
1165,27,F
1166,51,M
1167,26,F
1168,56,F
1169,22,F
1170,44,F
1171,27,M
1172,41,M
1173,42,F
1174,65,F
1175,26,F
1176,48,F
1177,64,F
1178,52,F
1179,42,M
1180,43,M
1181,32,F
1182,25,M
1183,40,F
1184,31,F
1185,22,F
1186,50,F
1187,38,F
1188,32,M
1189,36,F
1190,57,M
1191,45,M
1192,22,M
1193,22,M
1194,26,M
1195,34,F
1196,30,F
1197,31,M
1198,27,M
1199,36,M
1200,56,F
1201,50,F
1202,19,F
1203,26,M
1204,67,M
1205,60,F
1206,27,F
1207,45,M
1208,57,M
1209,24,M
1210,36,M
1211,40,F
1212,36,M
1213,26,M
1214,30,F
1215,40,M
1216,27,F
1217,41,F
1218,43,F
1219,36,M
1220,24,F
1221,39,M
1222,23,F
1223,49,M
1224,33,F
1225,41,M
1226,48,M
1227,47,M
1228,34,M
1229,41,M
1230,44,F
1231,46,M
1232,28,M
1233,31,F
1234,45,M
1235,25,M
1236,26,M
1237,19,F
1238,42,M
1239,57,M
1240,47,F
1241,58,F
1242,69,F
1243,21,M
1244,50,F
1245,36,F
1246,50,M
1247,67,M
1248,26,F
1249,36,F
1250,43,F
1251,34,F
1252,24,F
1253,21,F
1254,27,M
1255,42,M
1256,33,M
1257,64,M
1258,24,F
1259,30,M
1260,23,F
1261,30,F
1262,58,F
1263,28,M
1264,23,M
1265,25,M
1266,23,F
1267,36,M
1268,36,F
1269,49,F
1270,33,M
1271,27,F
1272,24,M
1273,73,M
1274,58,F
1275,44,F
1276,21,F
1277,50,M
1278,39,F
1279,24,F
1280,58,M
1281,38,M
1282,48,F
1283,39,F
1284,51,F
1285,24,F
1286,39,M
1287,45,M
1288,38,F
1289,35,F
1290,25,F
1291,21,F
1292,44,M
1293,46,F
1294,29,F
1295,27,F
1296,25,M
1297,48,M
1298,29,M
1299,26,M
1300,18,M
1301,37,M
1302,28,M
1303,34,F
1304,25,F
1305,23,M
1306,52,F
1307,30,M
1308,46,F
1309,36,F
1310,36,F
1311,51,M
1312,59,F
1313,29,M
1314,62,M
1315,50,F
1316,36,F
1317,54,M
1318,33,F
1319,32,M
1320,45,M
1321,59,F
1322,26,M
1323,68,F
1324,44,F
1325,39,M
1326,54,M
1327,47,F
1328,42,F
1329,34,M
1330,32,M
1331,38,F
1332,26,M
1333,31,M
1334,40,F
1335,39,M
1336,35,F
1337,38,F
1338,31,M
1339,48,M
1340,33,F
1341,21,M
1342,34,M
1343,28,F
1344,53,M
1345,24,M
1346,28,F
1347,40,F
1348,46,F
1349,24,F
1350,35,F
1351,40,M
1352,54,M
1353,49,M
1354,44,M
1355,27,M
1356,39,F
1357,34,F
1358,51,M
1359,61,M
1360,59,M
1361,43,F
1362,25,F
1363,20,M
1364,34,M
1365,26,M
1366,57,M
1367,38,M
1368,40,F
1369,25,M
1370,35,F
1371,58,M
1372,43,M
1373,27,F
1374,42,F
1375,45,M
1376,35,M
1377,45,F
1378,43,M
1379,63,M
1380,52,F
1381,39,M
1382,29,M
1383,49,F
1384,44,F
1385,42,M
1386,36,F
1387,32,M
1388,40,F
1389,43,M
1390,64,M
1391,25,F
1392,28,F
1393,29,F
1394,52,M
1395,30,M
1396,28,M
1397,33,F
1398,43,F
1399,24,M
1400,34,F
1401,37,F
1402,31,F
1403,49,M
1404,29,F
1405,40,F
1406,71,F
1407,18,M
1408,36,F
1409,40,F
1410,25,F
1411,30,F
1412,20,F
1413,40,F
1414,44,F
1415,29,F
1416,34,F
1417,18,M
1418,41,F
1419,42,M
1420,34,M
1421,56,M
1422,45,F
1423,38,M
1424,37,M
1425,51,F
1426,31,M
1427,43,M
1428,21,F
1429,38,M
1430,30,F
1431,42,F
1432,24,M
1433,22,F
1434,48,M
1435,42,F
1436,37,F
1437,51,M
1438,42,M
1439,19,F
1440,31,F
1441,37,F
1442,26,F
1443,23,M
1444,25,F
1445,26,F
1446,53,F
1447,35,M
1448,19,M
1449,52,F
1450,48,M
1451,45,F
1452,38,M
1453,33,M
1454,29,F
1455,24,F
1456,29,F
1457,41,M
1458,56,F
1459,22,F
1460,48,M
1461,59,F
1462,35,F
1463,30,M
1464,31,F
1465,31,M
1466,53,F
1467,48,M
1468,59,F
1469,32,F
1470,46,M
1471,42,M
1472,27,M
1473,38,F
1474,23,F
1475,28,M
1476,35,M
1477,23,F
1478,44,M
1479,41,M
1480,53,M
1481,32,F
1482,30,M
1483,33,F
1484,21,M
1485,32,F
1486,29,M
1487,51,M
1488,26,M
1489,32,F
1490,27,M
1491,20,M
1492,33,M
1493,21,M
1494,46,M
1495,34,M
1496,31,M
1497,36,M
1498,46,F
1499,47,F
1500,50,F
1501,61,M
1502,28,M
1503,57,M
1504,35,F
1505,20,F
1506,35,M
1507,49,F
1508,21,M
1509,43,F
1510,24,M
1511,19,M
1512,32,M
1513,36,M
1514,46,F
1515,51,F
1516,47,F
1517,43,F
1518,39,F
1519,30,M
1520,42,F
1521,18,F
1522,22,M
1523,22,M
1524,53,F
1525,26,F
1526,39,F
1527,33,F
1528,18,F
1529,43,F
1530,44,F
1531,45,F
1532,23,M
1533,35,M
1534,46,F
1535,39,F
1536,39,F
1537,44,F
1538,24,F
1539,35,M
1540,69,M
1541,24,F
1542,41,F
1543,34,M
1544,52,M
1545,39,M
1546,37,M
1547,50,F
1548,19,F
1549,27,F
1550,21,M
1551,41,M
1552,40,M
1553,24,F
1554,34,F
1555,24,F
1556,18,M
1557,49,M
1558,44,M
1559,25,M
1560,26,F
1561,19,F
1562,47,M
1563,32,F
1564,24,M
1565,20,F
1566,21,F
1567,54,F
1568,19,M
1569,43,M
1570,31,M
1571,41,M
1572,52,M
1573,24,F
1574,31,M
1575,30,F
1576,40,F
1577,37,F
1578,36,M
1579,38,F
1580,29,M
1581,49,F
1582,18,M
1583,56,F
1584,56,F
1585,23,M
1586,27,M
1587,59,M
1588,52,M
1589,47,M
1590,65,M
1591,24,M
1592,20,F
1593,24,F
1594,29,F
1595,19,M
1596,37,F
1597,38,M
1598,37,F
1599,35,M
1600,40,M
1601,30,F
1602,48,M
1603,35,F
1604,38,M
1605,31,M
1606,29,F
1607,49,F
1608,34,F
1609,48,F
1610,39,M
1611,36,M
1612,46,M
1613,25,F
1614,24,F
1615,25,M
1616,25,M
1617,32,M
1618,27,F
1619,31,M
1620,36,F
1621,28,M
1622,55,F
1623,37,F
1624,33,M
1625,32,F
1626,25,M
1627,42,M
1628,26,F
1629,35,M
1630,59,M
1631,59,M
1632,38,F
1633,25,M
1634,37,F
1635,30,M
1636,47,F
1637,50,M
1638,40,F
1639,46,F
1640,37,F
1641,56,M
1642,33,M
1643,29,F
1644,24,F
1645,36,F
1646,62,M
1647,37,M
1648,19,M
1649,21,F
1650,38,F
1651,70,F
1652,36,M
1653,41,F
1654,18,M
1655,24,F
1656,27,F
1657,34,F
1658,49,F
1659,40,M
1660,31,F
1661,34,F
1662,42,M
1663,28,F
1664,24,M
1665,20,F
1666,57,M
1667,42,F
1668,24,M
1669,57,M
1670,37,F
1671,55,F
1672,46,F
1673,37,M
1674,26,M
1675,56,F
1676,31,M
1677,40,M
1678,31,F
1679,50,M
1680,24,F
1681,29,F
1682,33,M
1683,33,F
1684,27,F
1685,31,F
1686,44,M
1687,48,F
1688,27,M
1689,24,M
1690,19,F
1691,28,F
1692,35,F
1693,19,F
1694,32,F
1695,43,M
1696,29,F
1697,34,M
1698,41,F
1699,38,F
1700,20,F
1701,45,M
1702,51,F
1703,42,F
1704,21,F
1705,27,F
1706,45,F
1707,58,M
1708,22,F
1709,34,M
1710,41,M
1711,46,F
1712,21,F
1713,51,F
1714,39,F
1715,30,F
1716,47,M
1717,29,F
1718,18,F
1719,46,M
1720,51,F
1721,35,F
1722,38,F
1723,51,M
1724,42,M
1725,43,M
1726,34,M
1727,53,F
1728,37,M
1729,35,M
1730,44,M
1731,35,F
1732,36,F
1733,48,M
1734,62,F
1735,41,M
1736,25,F
1737,21,M
1738,26,M
1739,20,F
1740,37,F
1741,24,M
1742,48,M
1743,22,F
1744,36,F
1745,43,M
1746,49,F
1747,53,M
1748,23,F
1749,43,M
1750,18,M
1751,20,M
1752,42,F
1753,34,F
1754,50,F
1755,30,M
1756,33,M
1757,19,M
1758,21,M
1759,47,M
1760,39,F
1761,25,F
1762,29,F
1763,38,F
1764,63,F
1765,22,M
1766,51,F
1767,54,F
1768,39,F
1769,39,M
1770,21,F
1771,18,F
1772,28,M
1773,28,M
1774,68,M
1775,25,F
1776,30,M
1777,50,M
1778,47,M
1779,31,M
1780,26,F
1781,61,M
1782,42,M
1783,39,F
1784,54,M
1785,37,M
1786,24,F
1787,30,F
1788,28,M
1789,45,M
1790,43,F
1791,56,F
1792,18,M
1793,37,F
1794,19,M
1795,38,M
1796,46,F
1797,28,M
1798,40,F
1799,37,M
1800,22,F
1801,27,F
1802,20,M
1803,29,F
1804,20,M
1805,30,M
1806,43,F
1807,52,M
1808,63,M
1809,47,F
1810,50,F
1811,25,M
1812,33,F
1813,34,M
1814,37,F
1815,32,F
1816,35,F
1817,32,F
1818,47,F
1819,43,F
1820,33,M
1821,25,F
1822,33,M
1823,22,F
1824,27,M
1825,39,M
1826,28,M
1827,29,F
1828,28,F
1829,38,M
1830,28,M
1831,20,M
1832,43,M
1833,18,M
1834,25,F
1835,36,M
1836,25,F
1837,31,M
1838,51,M
1839,32,F
1840,38,F
1841,53,M
1842,34,M
1843,30,F
1844,20,F
1845,63,M
1846,34,M
1847,49,F
1848,48,F
1849,24,F
1850,36,F
1851,40,F
1852,75,M
1853,38,M
1854,36,F
1855,39,M
1856,38,F
1857,67,M
1858,33,F
1859,21,F
1860,46,M
1861,36,M
1862,66,F
1863,32,F
1864,56,M
1865,42,F
1866,26,M
1867,53,F
1868,53,M
1869,21,F
1870,44,M
1871,28,F
1872,37,M
1873,28,F
1874,49,F
1875,29,F
1876,22,F
1877,23,M
1878,51,M
1879,31,M
1880,32,M
1881,41,M
1882,31,M
1883,24,M
1884,25,F
1885,51,M
1886,41,F
1887,30,F
1888,29,M
1889,19,M
1890,23,M
1891,56,F
1892,35,F
1893,29,M
1894,36,F
1895,27,F
1896,46,M
1897,23,F
1898,22,M
1899,35,M
1900,37,F
1901,62,M
1902,36,F
1903,23,F
1904,24,M
1905,73,M
1906,31,F
1907,51,F
1908,42,F
1909,40,F
1910,46,F
1911,38,M
1912,41,M
1913,22,M
1914,20,F
1915,32,M
1916,66,F
1917,40,M
1918,29,M
1919,28,M
1920,42,M
1921,27,F
1922,45,F
1923,41,M
1924,35,F
1925,58,F
1926,44,F
1927,51,F
1928,24,F
1929,28,M
1930,38,M
1931,52,F
1932,21,M
1933,36,M
1934,18,F
1935,20,F
1936,26,F
1937,49,M
1938,63,F
1939,27,F
1940,62,F
1941,20,M
1942,52,M
1943,40,F
1944,37,F
1945,29,F
1946,33,M
1947,42,M
1948,18,F
1949,32,M
1950,40,M
1951,29,M
1952,22,F
1953,40,M
1954,45,F
1955,20,M
1956,28,F
1957,30,F
1958,41,M
1959,32,M
1960,65,M
1961,25,M
1962,40,M
1963,37,F
1964,24,F
1965,37,M
1966,65,M
1967,24,F
1968,24,F
1969,46,F
1970,59,M
1971,23,F
1972,19,F
1973,42,M
1974,26,M
1975,44,F
1976,18,M
1977,27,F
1978,21,F
1979,44,M
1980,39,F
1981,35,M
1982,27,M
1983,48,M
1984,24,F
1985,36,M
1986,42,M
1987,46,F
1988,25,F
1989,33,F
1990,22,M
1991,43,F
1992,20,M
1993,34,M
1994,31,M
1995,37,F
1996,35,F
1997,40,M
1998,42,F
1999,61,F
2000,34,F
2001,49,M
2002,43,F
2003,49,M
2004,23,M
2005,26,M
2006,23,M
2007,37,F
2008,20,F
2009,39,F
2010,25,F
2011,26,F
2012,52,M
2013,46,M
2014,21,M
2015,39,M
2016,23,F
2017,38,M
2018,46,M
2019,37,F
2020,48,F
2021,18,F
2022,23,F
2023,30,F
2024,40,F
2025,40,M
2026,27,F
2027,29,M
2028,36,F
2029,38,M
2030,48,M
2031,45,F
2032,21,F
2033,44,M
2034,24,F
2035,36,M
2036,27,M
2037,38,F
2038,22,M
2039,38,F
2040,46,M
2041,23,M
2042,31,M
2043,37,M
2044,23,M
2045,45,F
2046,18,M
2047,25,F
2048,20,F
2049,22,M
2050,51,F
2051,41,F
2052,20,F
2053,53,F
2054,44,M
2055,21,F
2056,52,M
2057,39,F
2058,37,M
2059,33,F
2060,28,M
2061,39,M
2062,32,F
2063,42,F
2064,27,F
2065,29,F
2066,34,M
2067,29,M
2068,33,M
2069,31,F
2070,18,F
2071,65,F
2072,41,M
2073,54,M
2074,26,F
2075,33,F
2076,31,F
2077,36,M
2078,51,F
2079,35,M
2080,19,F
2081,35,F
2082,41,M
2083,40,F
2084,27,F
2085,21,F
2086,45,M
2087,49,F
2088,40,M
2089,62,M
2090,42,F
2091,20,F
2092,60,F
2093,24,F
2094,32,M
2095,40,F
2096,28,M
2097,34,M
2098,27,F
2099,60,M
2100,42,F
2101,45,M
2102,28,M
2103,21,M
2104,34,F
2105,32,M
2106,31,M
2107,29,F
2108,57,F
2109,50,F
2110,18,M
2111,25,F
2112,51,M
2113,33,F
2114,54,M
2115,29,M
2116,29,M
2117,21,M
2118,33,F
2119,46,M
2120,36,M
2121,64,F
2122,39,F
2123,43,F
2124,30,M
2125,39,M
2126,35,M
2127,20,M
2128,41,M
2129,35,M
2130,27,F
2131,36,M
2132,22,F
2133,21,F
2134,27,M
2135,21,F
2136,67,M
2137,24,M
2138,32,M
2139,39,M
2140,30,M
2141,52,F
2142,33,F
2143,51,F
2144,42,M
2145,39,F
2146,28,M
2147,22,F
2148,40,F
2149,30,M
2150,19,F
2151,35,F
2152,29,M
2153,46,F
2154,32,F
2155,20,M
2156,61,M
2157,41,F
2158,27,F
2159,24,F
2160,26,M
2161,18,F
2162,34,F
2163,44,M
2164,48,F
2165,56,M
2166,35,M
2167,50,F
2168,40,M
2169,39,M
2170,45,M
2171,18,M
2172,22,F
2173,37,M
2174,37,F
2175,24,M
2176,41,M
2177,22,F
2178,46,M
2179,36,M
2180,26,M
2181,30,M
2182,24,M
2183,25,F
2184,24,M
2185,30,M
2186,66,F
2187,41,M
2188,34,M
2189,33,M
2190,27,M
2191,36,M
2192,41,F
2193,19,M
2194,56,M
2195,52,F
2196,63,M
2197,49,M
2198,55,F
2199,20,M
2200,29,F
2201,44,M
2202,27,M
2203,32,F
2204,49,F
2205,34,F
2206,50,M
2207,21,F
2208,38,M
2209,53,F
2210,37,M
2211,27,F
2212,39,F
2213,19,F
2214,65,F
2215,63,F
2216,23,M
2217,46,F
2218,40,M
2219,32,F
2220,50,F
2221,37,F
2222,30,M
2223,40,M
2224,43,M
2225,57,M
2226,50,M
2227,25,M
2228,38,M
2229,25,M
2230,36,F
2231,49,F
2232,31,F
2233,25,F
2234,25,M
2235,22,F
2236,56,F
2237,36,M
2238,35,F
2239,36,M
2240,35,F
2241,23,M
2242,22,F
2243,57,F
2244,19,M
2245,31,F
2246,46,F
2247,32,F
2248,28,F
2249,19,M
2250,29,M
2251,18,F
2252,38,F
2253,52,M
2254,34,M
2255,23,M
2256,39,M
2257,26,F
2258,19,M
2259,42,M
2260,54,M
2261,42,M
2262,42,F
2263,39,M
2264,36,M
2265,29,F
2266,27,F
2267,25,M
2268,48,M
2269,39,F
2270,27,F
2271,31,F
2272,62,M
2273,43,M
2274,18,F
2275,22,M
2276,33,F
2277,35,M
2278,24,F
2279,22,M
2280,30,F
2281,33,F
2282,27,F
2283,42,F
2284,43,M
2285,27,F
2286,28,F
2287,44,F
2288,20,M
2289,20,F
2290,59,F
2291,39,M
2292,48,M
2293,36,M
2294,50,F
2295,58,F
2296,30,M
2297,77,F
2298,36,F
2299,23,F
2300,32,F
2301,29,M
2302,32,F
2303,23,F
2304,50,M
2305,20,F
2306,43,F
2307,58,F
2308,41,M
2309,21,M
2310,52,F
2311,49,F
2312,40,M
2313,48,F
2314,20,M
2315,30,M
2316,22,F
2317,35,F
2318,46,M
2319,32,M
2320,37,M
2321,20,M
2322,40,F
2323,46,F
2324,22,F
2325,48,M
2326,48,F
2327,31,F
2328,21,F
2329,29,M
2330,35,F
2331,44,F
2332,54,M
2333,31,F
2334,29,F
2335,38,M
2336,34,F
2337,20,F
2338,38,M
2339,30,F
2340,41,F
2341,30,M
2342,19,M
2343,41,M
2344,19,F
2345,40,F
2346,24,M
2347,21,M
2348,27,F
2349,19,F
2350,28,M
2351,44,F
2352,32,F
2353,34,F
2354,38,M
2355,35,M
2356,36,F
2357,23,F
2358,71,M
2359,50,M
2360,29,F
2361,23,M
2362,25,F
2363,41,M
2364,46,M
2365,49,M
2366,38,M
2367,33,F
2368,19,M
2369,45,F
2370,37,F
2371,45,M
2372,29,M
2373,27,M
2374,44,F
2375,48,F
2376,25,M
2377,44,F
2378,26,M
2379,30,F
2380,25,M
2381,39,F
2382,46,F
2383,26,M
2384,46,M
2385,37,M
2386,23,M
2387,37,F
2388,34,F
2389,21,F
2390,55,F
2391,29,F
2392,18,F
2393,48,M
2394,32,F
2395,35,M
2396,44,M
2397,35,F
2398,40,F
2399,41,M
2400,25,F
2401,32,M
2402,31,M
2403,23,M
2404,27,M
2405,46,M
2406,30,F
2407,30,M
2408,39,M
2409,36,F
2410,46,F
2411,56,M
2412,26,F
2413,19,F
2414,42,M
2415,50,M
2416,40,F
2417,47,M
2418,51,F
2419,32,F
2420,40,M
2421,20,F
2422,22,F
2423,22,F
2424,31,F
2425,26,M
2426,42,M
2427,23,M
2428,45,F
2429,23,F
2430,42,F
2431,38,F
2432,25,M
2433,32,M
2434,26,F
2435,38,M
2436,48,M
2437,67,F
2438,80,M
2439,39,M
2440,28,M
2441,52,F
2442,35,F
2443,39,F
2444,40,M
2445,25,F
2446,36,F
2447,25,M
2448,42,F
2449,26,M
2450,39,M
2451,21,M
2452,42,M
2453,56,M
2454,40,F
2455,22,F
2456,31,M
2457,21,M
2458,35,F
2459,45,F
2460,54,F
2461,40,M
2462,43,F
2463,18,M
2464,27,F
2465,37,M
2466,52,F
2467,30,F
2468,24,M
2469,33,F
2470,31,M
2471,30,M
2472,22,M
2473,36,M
2474,34,F
2475,44,F
2476,20,F
2477,46,F
2478,18,M
2479,20,M
2480,20,M
2481,29,M
2482,28,F
2483,23,F
2484,54,M
2485,50,M
2486,36,F
2487,21,M
2488,43,M
2489,22,F
2490,35,F
2491,36,F
2492,19,M
2493,53,M
2494,57,M
2495,50,M
2496,23,M
2497,29,F
2498,30,F
2499,34,F
2500,41,M
2501,36,M
2502,36,M
2503,21,F
2504,35,F
2505,31,M
2506,47,F
2507,51,F
2508,59,M
2509,30,F
2510,46,F
2511,43,M
2512,20,F
2513,47,M
2514,42,M
2515,54,M
2516,18,F
2517,39,F
2518,32,F
2519,54,M
2520,41,F
2521,30,M
2522,42,M
2523,34,M
2524,45,F
2525,34,M
2526,26,F
2527,57,F
2528,42,M
2529,43,F
2530,35,F
2531,33,M
2532,29,M
2533,25,F
2534,45,M
2535,36,M
2536,23,F
2537,40,M
2538,18,M
2539,47,F
2540,51,M
2541,20,F
2542,25,M
2543,34,M
2544,41,M
2545,41,M
2546,33,F
2547,27,M
2548,31,F
2549,46,F
2550,18,M
2551,20,M
2552,24,F
2553,35,F
2554,36,M
2555,33,M
2556,18,F
2557,27,M
2558,44,F
2559,32,F
2560,37,F
2561,65,F
2562,42,F
2563,29,F
2564,56,F
2565,41,M
2566,37,F
2567,36,M
2568,51,M
2569,25,M
2570,34,M
2571,20,M
2572,35,M
2573,18,M
2574,33,M
2575,18,F
2576,36,M
2577,24,F
2578,27,M
2579,43,F
2580,40,F
2581,28,M
2582,30,M
2583,41,F
2584,40,M
2585,42,F
2586,22,F
2587,22,F
2588,36,M
2589,61,M
2590,40,M
2591,52,M
2592,47,M
2593,28,F
2594,27,F
2595,23,M
2596,28,F
2597,20,M
2598,18,M
2599,34,M
2600,65,F
2601,50,M
2602,39,M
2603,20,F
2604,39,M
2605,46,F
2606,31,F
2607,42,F
2608,49,F
2609,37,M
2610,60,M
2611,21,F
2612,27,M
2613,55,M
2614,27,F
2615,46,M
2616,59,F
2617,35,M
2618,36,F
2619,34,M
2620,29,M
2621,44,M
2622,29,F
2623,31,F
2624,21,M
2625,28,M
2626,51,F
2627,36,F
2628,23,M
2629,24,M
2630,39,M
2631,50,M
2632,21,M
2633,47,M
2634,43,F
2635,68,M
2636,35,M
2637,57,M
2638,19,M
2639,26,M
2640,58,F
2641,29,F
2642,27,F
2643,29,F
2644,23,M
2645,22,F
2646,28,F
2647,30,M
2648,51,M
2649,40,F
2650,24,F
2651,35,M
2652,26,M
2653,27,F
2654,37,F
2655,26,F
2656,37,F
2657,37,F
2658,20,F
2659,38,M
2660,40,F
2661,46,F
2662,60,M
2663,29,M
2664,38,M
2665,64,M
2666,36,M
2667,37,M
2668,22,M
2669,22,F
2670,42,F
2671,42,M
2672,32,M
2673,22,M
2674,27,F
2675,22,F
2676,51,M
2677,21,F
2678,38,M
2679,54,F
2680,33,F
2681,44,F
2682,41,F
2683,30,F
2684,25,F
2685,27,M
2686,36,M
2687,32,F
2688,26,F
2689,36,F
2690,66,M
2691,21,F
2692,64,M
2693,39,F
2694,36,F
2695,18,F
2696,54,M
2697,35,M
2698,43,M
2699,50,M
2700,30,M
2701,27,F
2702,21,F
2703,34,M
2704,38,F
2705,23,F
2706,30,M
2707,21,M
2708,30,M
2709,48,M
2710,20,M
2711,44,M
2712,64,F
2713,23,F
2714,24,F
2715,22,F
2716,39,F
2717,28,M
2718,35,M
2719,39,M
2720,18,F
2721,32,M
2722,45,F
2723,48,F
2724,40,M
2725,37,M
2726,19,M
2727,40,F
2728,36,M
2729,38,F
2730,32,F
2731,31,M
2732,38,M
2733,57,M
2734,22,M
2735,36,F
2736,28,F
2737,52,F
2738,25,F
2739,42,M
2740,29,M
2741,24,M
2742,26,M
2743,40,F
2744,26,M
2745,31,F
2746,32,F
2747,60,F
2748,40,F
2749,41,F
2750,31,M
2751,56,M
2752,31,F
2753,30,F
2754,22,F
2755,39,M
2756,39,F
2757,23,F
2758,60,M
2759,46,M
2760,24,M
2761,29,F
2762,36,M
2763,33,F
2764,34,M
2765,65,F
2766,25,F
2767,19,M
2768,36,M
2769,35,F
2770,60,F
2771,36,M
2772,39,F
2773,39,M
2774,35,M
2775,28,F
2776,32,F
2777,39,F
2778,31,M
2779,28,F
2780,60,F
2781,53,M
2782,43,F
2783,18,M
2784,19,F
2785,46,M
2786,28,F
2787,36,F
2788,25,F
2789,22,F
2790,38,F
2791,25,F
2792,50,F
2793,20,M
2794,53,M
2795,24,F
2796,22,M
2797,20,F
2798,33,F
2799,18,M
2800,22,M
2801,43,M
2802,18,F
2803,30,M
2804,21,M
2805,33,M
2806,27,M
2807,47,M
2808,37,F
2809,55,F
2810,34,M
2811,38,F
2812,31,F
2813,47,M
2814,32,M
2815,29,F
2816,43,M
2817,21,F
2818,32,M
2819,31,F
2820,43,M
2821,45,M
2822,22,M
2823,33,M
2824,41,M
2825,35,M
2826,36,M
2827,28,M
2828,50,F
2829,63,F
2830,34,M
2831,54,F
2832,35,F
2833,33,M
2834,43,F
2835,37,M
2836,23,M
2837,36,M
2838,18,F
2839,40,F
2840,28,M
2841,36,M
2842,29,F
2843,31,M
2844,23,F
2845,22,F
2846,39,M
2847,32,M
2848,36,F
2849,41,F
2850,25,F
2851,38,F
2852,56,M
2853,42,F
2854,36,F
2855,29,M
2856,44,M
2857,26,F
2858,18,M
2859,42,M
2860,51,M
2861,34,F
2862,50,F
2863,58,F
2864,40,F
2865,26,F
2866,20,M
2867,44,F
2868,32,M
2869,45,M
2870,32,F
2871,49,M
2872,29,M
2873,33,M
2874,44,M
2875,35,F
2876,21,F
2877,46,M
2878,39,F
2879,42,M
2880,26,M
2881,28,M
2882,25,F
2883,38,F
2884,42,F
2885,24,M
2886,18,M
2887,21,F
2888,41,M
2889,50,M
2890,28,F
2891,40,F
2892,42,F
2893,43,F
2894,41,F
2895,29,F
2896,29,M
2897,41,M
2898,26,M
2899,20,M
2900,47,F
2901,19,M
2902,51,M
2903,44,F
2904,30,F
2905,25,M
2906,37,M
2907,38,M
2908,48,F
2909,42,F
2910,28,F
2911,23,F
2912,38,F
2913,48,M
2914,41,F
2915,36,M
2916,23,F
2917,22,M
2918,27,F
2919,52,F
2920,48,F
2921,35,F
2922,52,M
2923,41,M
2924,32,M
2925,42,F
2926,27,F
2927,18,F
2928,41,M
2929,24,M
2930,32,M
2931,35,M
2932,46,F
2933,45,F
2934,32,M
2935,24,F
2936,31,F
2937,28,F
2938,19,M
2939,35,M
2940,46,F
2941,35,M
2942,52,M
2943,19,M
2944,27,M
2945,30,M
2946,44,F
2947,24,M
2948,48,F
2949,52,M
2950,52,M
2951,49,M
2952,45,M
2953,21,M
2954,24,F
2955,20,M
2956,35,M
2957,23,F
2958,37,M
2959,39,F
2960,41,M
2961,42,F
2962,57,M
2963,36,F
2964,28,M
2965,31,F
2966,24,F
2967,57,F
2968,52,F
2969,24,M
2970,52,F
2971,47,M
2972,58,M
2973,32,F
2974,26,M
2975,33,F
2976,26,F
2977,33,F
2978,31,F
2979,37,F
2980,24,M
2981,32,F
2982,21,F
2983,42,M
2984,41,M
2985,45,F
2986,45,M
2987,39,F
2988,55,M
2989,22,M
2990,19,M
2991,36,F
2992,35,M
2993,28,M
2994,47,F
2995,34,F
2996,37,F
2997,54,F
2998,34,M
2999,29,F
3000,32,M
3001,32,M
3002,35,M
3003,27,F
3004,34,M
3005,24,F
3006,34,F
3007,53,M
3008,23,M
3009,30,M
3010,46,F
3011,27,F
3012,31,M
3013,48,M
3014,37,M
3015,35,F
3016,19,M
3017,21,M
3018,63,F
3019,46,F
3020,32,F
3021,24,M
3022,34,F
3023,55,M
3024,30,M
3025,28,M
3026,18,M
3027,31,F
3028,47,M
3029,56,F
3030,38,F
3031,54,F
3032,36,M
3033,52,M
3034,27,M
3035,19,F
3036,43,F
3037,34,M
3038,26,F
3039,33,M
3040,35,F
3041,61,F
3042,22,M
3043,35,F
3044,37,M
3045,32,M
3046,59,F
3047,45,M
3048,29,M
3049,30,M
3050,63,F
3051,26,M
3052,33,F
3053,49,M
3054,31,M
3055,45,F
3056,40,F
3057,36,M
3058,36,M
3059,20,F
3060,19,M
3061,55,M
3062,34,F
3063,60,F
3064,28,F
3065,22,F
3066,44,M
3067,37,M
3068,27,M
3069,51,M
3070,52,F
3071,37,M
3072,56,F
3073,27,M
3074,20,M
3075,46,F
3076,28,F
3077,25,F
3078,54,F
3079,21,F
3080,35,M
3081,38,F
3082,23,F
3083,30,F
3084,24,M
3085,69,F
3086,38,F
3087,20,F
3088,31,M
3089,28,M
3090,36,M
3091,24,M
3092,49,M
3093,27,F
3094,22,M
3095,55,M
3096,28,F
3097,26,F
3098,33,F
3099,41,M
3100,22,M
3101,41,M
3102,20,M
3103,43,F
3104,22,F
3105,27,F
3106,23,F
3107,20,F
3108,55,M
3109,27,M
3110,32,M
3111,55,F
3112,34,F
3113,56,M
3114,48,F
3115,46,F
3116,31,F
3117,37,M
3118,55,F
3119,23,M
3120,43,M
3121,28,F
3122,56,M
3123,57,M
3124,46,F
3125,56,F
3126,43,M
3127,28,F
3128,28,M
3129,30,M
3130,54,F
3131,63,M
3132,38,M
3133,23,M
3134,27,F
3135,20,F
3136,28,F
3137,28,F
3138,36,F
3139,38,M
3140,36,M
3141,30,F
3142,54,M
3143,19,M
3144,42,M
3145,33,M
3146,22,F
3147,44,F
3148,28,F
3149,40,M
3150,38,F
3151,45,F
3152,62,F
3153,36,M
3154,25,F
3155,61,M
3156,37,F
3157,23,M
3158,21,F
3159,19,M
3160,27,M
3161,51,F
3162,21,F
3163,44,F
3164,33,F
3165,20,F
3166,25,F
3167,45,F
3168,36,F
3169,65,F
3170,27,F
3171,19,F
3172,19,F
3173,41,F
3174,49,M
3175,35,F
3176,30,M
3177,26,F
3178,22,F
3179,36,M
3180,46,M
3181,31,F
3182,23,F
3183,46,F
3184,27,F
3185,19,M
3186,37,F
3187,20,F
3188,38,F
3189,20,M
3190,26,M
3191,35,M
3192,54,M
3193,38,F
3194,45,M
3195,29,F
3196,40,F
3197,36,F
3198,18,F
3199,19,F
3200,53,F
3201,59,M
3202,26,M
3203,29,M
3204,27,M
3205,33,F
3206,27,F
3207,46,M
3208,44,F
3209,40,F
3210,29,M
3211,33,F
3212,35,M
3213,32,M
3214,45,F
3215,30,M
3216,26,M
3217,44,F
3218,46,M
3219,30,M
3220,30,F
3221,52,F
3222,29,M
3223,34,M
3224,67,M
3225,22,M
3226,30,F
3227,35,M
3228,41,M
3229,29,F
3230,32,F
3231,48,F
3232,19,F
3233,38,M
3234,27,M
3235,19,M
3236,44,M
3237,54,F
3238,29,F
3239,56,F
3240,31,M
3241,36,M
3242,23,M
3243,18,F
3244,52,F
3245,22,F
3246,35,F
3247,52,F
3248,26,M
3249,29,F
3250,31,M
3251,45,M
3252,50,M
3253,37,F
3254,47,M
3255,23,M
3256,26,M
3257,33,M
3258,68,F
3259,32,F
3260,59,F
3261,46,M
3262,26,F
3263,51,M
3264,54,F
3265,38,F
3266,40,M
3267,23,F
3268,42,F
3269,66,M
3270,37,M
3271,38,F
3272,35,M
3273,37,F
3274,39,M
3275,38,F
3276,52,M
3277,22,F
3278,29,M
3279,44,M
3280,38,F
3281,27,M
3282,41,F
3283,21,M
3284,37,F
3285,42,F
3286,29,M
3287,44,F
3288,18,M
3289,50,M
3290,33,M
3291,34,M
3292,41,F
3293,52,M
3294,35,M
3295,40,M
3296,43,M
3297,45,M
3298,42,F
3299,23,M
3300,37,F
3301,37,M
3302,24,F
3303,30,F
3304,58,F
3305,47,M
3306,30,F
3307,22,F
3308,21,F
3309,26,M
3310,35,F
3311,43,F
3312,44,M
3313,30,M
3314,32,F
3315,25,M
3316,34,F
3317,42,F
3318,25,F
3319,27,M
3320,20,F
3321,42,M
3322,28,M
3323,50,M
3324,39,F
3325,26,M
3326,37,F
3327,27,M
3328,38,M
3329,55,F
3330,27,M
3331,44,F
3332,40,M
3333,21,M
3334,47,M
3335,33,M
3336,28,F
3337,29,M
3338,27,F
3339,30,F
3340,29,F
3341,66,F
3342,32,F
3343,28,M
3344,35,M
3345,38,M
3346,37,F
3347,60,F
3348,54,F
3349,47,F
3350,25,M
3351,35,M
3352,40,M
3353,23,F
3354,51,M
3355,32,M
3356,42,M
3357,38,F
3358,32,M
3359,27,F
3360,22,F
3361,30,F
3362,48,M
3363,24,F
3364,30,M
3365,45,M
3366,44,M
3367,20,M
3368,23,F
3369,45,F
3370,37,M
3371,54,M
3372,40,M
3373,47,F
3374,47,F
3375,52,F
3376,30,M
3377,22,F
3378,26,F
3379,18,M
3380,25,F
3381,65,M
3382,22,F
3383,54,M
3384,33,M
3385,35,M
3386,32,M
3387,33,M
3388,19,F
3389,25,F
3390,22,F
3391,35,F
3392,24,F
3393,50,F
3394,32,F
3395,24,M
3396,25,F
3397,21,F
3398,31,F
3399,40,F
3400,33,F
3401,21,M
3402,33,F
3403,34,F
3404,21,M
3405,24,M
3406,67,M
3407,39,F
3408,35,M
3409,38,M
3410,29,M
3411,35,F
3412,28,F
3413,31,M
3414,35,M
3415,29,F
3416,44,M
3417,39,F
3418,35,F
3419,18,M
3420,32,M
3421,26,M
3422,41,M
3423,23,M
3424,24,F
3425,24,F
3426,44,F
3427,36,M
3428,18,F
3429,19,M
3430,31,F
3431,23,F
3432,25,M
3433,25,F
3434,51,M
3435,50,M
3436,38,F
3437,45,F
3438,31,M
3439,42,F
3440,38,M
3441,25,F
3442,35,F
3443,37,M
3444,36,M
3445,37,M
3446,36,F
3447,42,F
3448,30,F
3449,44,M
3450,24,M
3451,46,M
3452,24,F
3453,46,F
3454,33,M
3455,26,M
3456,27,F
3457,18,F
3458,41,F
3459,31,M
3460,31,M
3461,35,M
3462,49,F
3463,37,M
3464,38,F
3465,45,M
3466,24,F
3467,27,M
3468,19,F
3469,57,F
3470,46,F
3471,26,M
3472,48,F
3473,34,F
3474,51,F
3475,30,M
3476,60,F
3477,52,F
3478,51,F
3479,31,M
3480,39,M
3481,21,F
3482,32,M
3483,32,M
3484,47,F
3485,22,M
3486,32,F
3487,37,M
3488,21,F
3489,64,F
3490,29,F
3491,24,F
3492,51,M
3493,42,M
3494,38,F
3495,26,M
3496,35,M
3497,35,M
3498,39,F
3499,47,F
3500,39,F
3501,43,M
3502,47,F
3503,48,F
3504,26,M
3505,31,M
3506,43,M
3507,46,M
3508,24,F
3509,52,M
3510,26,F
3511,21,F
3512,44,F
3513,49,F
3514,35,F
3515,19,F
3516,28,M
3517,28,M
3518,32,F
3519,23,F
3520,25,F
3521,56,M
3522,45,M
3523,37,F
3524,31,M
3525,47,M
3526,48,F
3527,35,M
3528,19,M
3529,67,M
3530,21,F
3531,22,F
3532,59,F
3533,37,M
3534,29,F
3535,55,M
3536,36,M
3537,29,F
3538,34,M
3539,44,M
3540,36,F
3541,40,M
3542,33,M
3543,51,F
3544,31,F
3545,33,M
3546,53,F
3547,43,F
3548,56,F
3549,31,F
3550,23,M
3551,63,M
3552,18,F
3553,18,M
3554,29,M
3555,45,M
3556,26,F
3557,23,F
3558,60,F
3559,28,M
3560,38,M
3561,47,F
3562,28,F
3563,20,F
3564,32,M
3565,39,M
3566,39,F
3567,20,M
3568,26,M
3569,26,M
3570,37,F
3571,36,M
3572,32,M
3573,49,M
3574,50,F
3575,38,F
3576,20,F
3577,62,F
3578,38,M
3579,33,F
3580,35,M
3581,22,M
3582,34,F
3583,23,F
3584,32,F
3585,42,M
3586,31,M
3587,31,F
3588,54,F
3589,50,M
3590,21,M
3591,34,M
3592,39,F
3593,29,F
3594,29,F
3595,36,F
3596,22,F
3597,49,M
3598,42,F
3599,42,M
3600,21,F
3601,33,M
3602,23,F
3603,35,F
3604,19,F
3605,37,F
3606,40,M
3607,25,M
3608,59,F
3609,71,F
3610,38,M
3611,41,F
3612,31,F
3613,41,F
3614,29,F
3615,49,M
3616,31,F
3617,52,F
3618,45,M
3619,34,F
3620,33,M
3621,29,M
3622,18,M
3623,34,M
3624,41,F
3625,29,M
3626,40,F
3627,56,M
3628,44,F
3629,25,F
3630,23,F
3631,30,F
3632,28,F
3633,41,F
3634,25,M
3635,61,F
3636,31,M
3637,35,M
3638,26,M
3639,25,F
3640,37,M
3641,28,M
3642,24,F
3643,21,F
3644,38,M
3645,41,F
3646,29,M
3647,23,M
3648,44,F
3649,47,M
3650,34,M
3651,43,M
3652,29,F
3653,23,F
3654,22,F
3655,23,M
3656,39,M
3657,55,M
3658,29,F
3659,54,F
3660,34,M
3661,19,M
3662,52,F
3663,51,M
3664,22,M
3665,23,M
3666,25,M
3667,33,M
3668,52,F
3669,32,F
3670,27,F
3671,58,F
3672,34,M
3673,45,F
3674,20,F
3675,37,F
3676,26,M
3677,48,F
3678,35,F
3679,43,M
3680,25,M
3681,39,F
3682,51,F
3683,44,F
3684,54,M
3685,42,F
3686,33,M
3687,36,F
3688,40,F
3689,36,F
3690,24,F
3691,49,M
3692,64,F
3693,27,F
3694,51,M
3695,20,M
3696,22,F
3697,42,M
3698,39,M
3699,41,M
3700,29,M
3701,24,M
3702,33,M
3703,47,M
3704,37,M
3705,41,M
3706,28,M
3707,28,M
3708,26,F
3709,59,F
3710,50,F
3711,49,F
3712,25,M
3713,27,F
3714,29,M
3715,48,M
3716,52,M
3717,20,M
3718,33,M
3719,41,M
3720,39,F
3721,21,F
3722,22,M
3723,41,F
3724,26,F
3725,21,M
3726,22,M
3727,56,M
3728,65,M
3729,37,M
3730,29,F
3731,29,M
3732,29,M
3733,45,M
3734,30,F
3735,33,M
3736,32,F
3737,74,M
3738,62,F
3739,35,M
3740,34,F
3741,48,M
3742,59,F
3743,45,F
3744,49,F
3745,22,M
3746,29,M
3747,37,F
3748,38,M
3749,48,F
3750,23,M
3751,54,M
3752,33,M
3753,26,F
3754,39,M
3755,41,M
3756,43,M
3757,25,M
3758,36,F
3759,38,M
3760,49,M
3761,61,M
3762,46,M
3763,38,F
3764,30,M
3765,26,F
3766,35,F
3767,44,M
3768,44,F
3769,72,F
3770,48,F
3771,46,F
3772,42,M
3773,46,M
3774,29,M
3775,19,F
3776,23,F
3777,38,M
3778,46,F
3779,44,M
3780,28,M
3781,22,F
3782,26,M
3783,24,M
3784,33,M
3785,45,F
3786,46,M
3787,33,M
3788,43,F
3789,22,M
3790,41,F
3791,43,M
3792,33,F
3793,36,F
3794,30,M
3795,32,M
3796,38,F
3797,34,M
3798,39,M
3799,28,F
3800,19,F
3801,33,F
3802,54,M
3803,50,F
3804,19,F
3805,27,F
3806,30,F
3807,28,F
3808,58,F
3809,44,F
3810,51,M
3811,32,M
3812,27,F
3813,41,M
3814,58,F
3815,40,F
3816,45,M
3817,54,M
3818,37,M
3819,49,F
3820,23,F
3821,59,F
3822,33,F
3823,50,F
3824,39,M
3825,65,F
3826,61,M
3827,39,M
3828,32,F
3829,56,M
3830,49,F
3831,45,M
3832,48,M
3833,31,F
3834,36,F
3835,26,F
3836,38,F
3837,33,F
3838,35,M
3839,18,F
3840,38,F
3841,42,F
3842,60,M
3843,37,F
3844,27,M
3845,24,F
3846,34,M
3847,23,M
3848,30,M
3849,42,M
3850,26,F
3851,19,F
3852,26,M
3853,50,F
3854,60,M
3855,47,F
3856,28,F
3857,52,F
3858,39,F
3859,67,M
3860,28,M
3861,39,F
3862,26,M
3863,22,M
3864,41,F
3865,41,M
3866,51,M
3867,19,F
3868,25,M
3869,18,M
3870,53,M
3871,34,M
3872,20,F
3873,44,M
3874,33,F
3875,33,M
3876,26,F
3877,27,F
3878,61,M
3879,49,M
3880,36,M
3881,49,F
3882,32,F
3883,50,M
3884,69,M
3885,28,F
3886,54,F
3887,30,F
3888,21,M
3889,18,F
3890,34,F
3891,20,M
3892,22,M
3893,49,F
3894,41,M
3895,32,F
3896,18,F
3897,35,M
3898,30,F
3899,59,F
3900,33,F
3901,40,M
3902,61,F
3903,60,F
3904,41,M
3905,21,M
3906,66,F
3907,24,F
3908,55,F
3909,37,M
3910,22,M
3911,24,M
3912,45,F
3913,24,M
3914,25,M
3915,32,F
3916,31,F
3917,43,M
3918,41,F
3919,38,F
3920,37,M
3921,29,F
3922,18,F
3923,30,M
3924,33,M
3925,36,F
3926,19,F
3927,28,F
3928,31,M
3929,39,M
3930,38,F
3931,24,M
3932,37,M
3933,23,F
3934,36,F
3935,30,M
3936,26,M
3937,19,M
3938,46,F
3939,26,M
3940,46,F
3941,32,F
3942,32,M
3943,54,M
3944,19,M
3945,32,M
3946,29,M
3947,40,M
3948,41,F
3949,23,M
3950,27,M
3951,34,M
3952,34,M
3953,30,M
3954,46,F
3955,34,F
3956,26,M
3957,21,M
3958,30,M
3959,32,M
3960,35,F
3961,30,M
3962,18,F
3963,44,F
3964,39,M
3965,59,M
3966,44,M
3967,57,M
3968,52,F
3969,21,M
3970,27,M
3971,29,F
3972,39,F
3973,24,M
3974,36,M
3975,23,F
3976,48,F
3977,43,F
3978,41,M
3979,30,F
3980,20,M
3981,38,F
3982,47,F
3983,23,F
3984,49,M
3985,37,M
3986,31,F
3987,46,M
3988,41,F
3989,18,F
3990,42,M
3991,43,F
3992,36,F
3993,59,M
3994,47,M
3995,29,F
3996,36,M
3997,45,F
3998,72,M
3999,28,M
4000,31,M
4001,23,F
4002,76,F
4003,27,M
4004,41,M
4005,44,F
4006,42,F
4007,48,F
4008,28,M
4009,34,M
4010,27,F
4011,50,M
4012,55,M
4013,55,F
4014,46,M
4015,30,M
4016,37,M
4017,48,M
4018,58,F
4019,43,F
4020,33,M
4021,34,M
4022,49,F
4023,39,F
4024,20,F
4025,36,F
4026,38,M
4027,37,M
4028,18,M
4029,35,F
4030,44,M
4031,26,M
4032,20,F
4033,35,F
4034,35,F
4035,44,F
4036,69,F
4037,56,F
4038,30,F
4039,39,F
4040,47,M
4041,38,F
4042,29,M
4043,46,M
4044,45,M
4045,53,M
4046,49,M
4047,39,M
4048,36,M
4049,30,F
4050,37,M
4051,20,F
4052,18,F
4053,44,M
4054,42,F
4055,34,M
4056,23,F
4057,37,F
4058,39,M
4059,31,F
4060,33,M
4061,32,M
4062,40,F
4063,29,F
4064,41,M
4065,47,M
4066,25,F
4067,54,F
4068,26,F
4069,26,F
4070,47,F
4071,34,F
4072,38,M
4073,42,M
4074,18,M
4075,18,M
4076,38,F
4077,21,M
4078,25,M
4079,36,M
4080,24,F
4081,57,M
4082,32,M
4083,38,M
4084,54,F
4085,60,F
4086,41,M
4087,23,F
4088,26,M
4089,42,M
4090,49,F
4091,26,M
4092,75,F
4093,40,M
4094,44,M
4095,37,F
4096,26,M
4097,37,F
4098,37,M
4099,41,F
4100,39,F
4101,33,M
4102,21,M
4103,21,M
4104,46,M
4105,27,F
4106,28,F
4107,21,M
4108,36,F
4109,36,M
4110,44,F
4111,33,M
4112,30,M
4113,18,F
4114,18,F
4115,70,M
4116,36,F
4117,50,F
4118,48,F
4119,45,F
4120,32,M
4121,21,M
4122,29,F
4123,22,F
4124,52,F
4125,21,F
4126,36,M
4127,26,M
4128,36,M
4129,50,M
4130,35,F
4131,26,F
4132,31,F
4133,54,M
4134,31,F
4135,32,F
4136,50,M
4137,53,M
4138,19,F
4139,57,F
4140,33,F
4141,45,F
4142,33,F
4143,19,M
4144,44,M
4145,23,M
4146,39,M
4147,31,F
4148,36,F
4149,29,F
4150,38,M
4151,39,M
4152,31,M
4153,44,M
4154,23,F
4155,20,F
4156,51,F
4157,18,M
4158,40,F
4159,21,F
4160,31,F
4161,38,M
4162,38,F
4163,22,F
4164,41,M
4165,32,F
4166,33,M
4167,51,M
4168,28,F
4169,53,F
4170,59,F
4171,47,F
4172,42,F
4173,31,M
4174,58,M
4175,25,M
4176,20,F
4177,24,F
4178,44,M
4179,33,M
4180,44,M
4181,40,M
4182,23,M
4183,33,F
4184,19,M
4185,36,F
4186,39,M
4187,46,M
4188,41,F
4189,31,M
4190,22,M
4191,25,F
4192,35,F
4193,42,M
4194,23,F
4195,40,F
4196,44,M
4197,59,M
4198,35,F
4199,44,F
4200,56,F
4201,40,F
4202,43,F
4203,19,M
4204,23,F
4205,55,M
4206,40,F
4207,22,M
4208,47,M
4209,22,F
4210,36,M
4211,41,M
4212,50,F
4213,59,F
4214,62,M
4215,20,F
4216,24,M
4217,31,F
4218,28,F
4219,45,M
4220,41,M
4221,31,M
4222,26,M
4223,53,M
4224,47,F
4225,55,M
4226,21,F
4227,47,F
4228,31,F
4229,33,M
4230,48,M
4231,30,F
4232,23,F
4233,76,F
4234,33,F
4235,23,M
4236,23,F
4237,27,F
4238,26,M
4239,19,F
4240,56,F
4241,19,M
4242,52,M
4243,26,M
4244,26,F
4245,32,F
4246,53,F
4247,25,F
4248,29,M
4249,41,F
4250,30,F
4251,35,F
4252,39,F
4253,59,F
4254,21,F
4255,35,M
4256,48,M
4257,18,M
4258,41,M
4259,32,F
4260,46,F
4261,35,M
4262,28,M
4263,30,F
4264,36,M
4265,47,F
4266,43,M
4267,58,F
4268,33,M
4269,28,M
4270,26,M
4271,23,M
4272,47,F
4273,24,M
4274,45,F
4275,58,M
4276,29,F
4277,28,M
4278,46,F
4279,26,M
4280,45,F
4281,32,M
4282,35,M
4283,27,M
4284,20,F
4285,42,F
4286,55,F
4287,31,F
4288,42,M
4289,51,M
4290,26,F
4291,51,F
4292,32,F
4293,62,M
4294,43,F
4295,38,F
4296,36,M
4297,38,M
4298,24,M
4299,35,F
4300,29,F
4301,50,M
4302,29,M
4303,31,F
4304,49,M
4305,21,F
4306,50,F
4307,50,M
4308,27,M
4309,42,M
4310,50,F
4311,27,M
4312,37,F
4313,25,F
4314,53,F
4315,26,F
4316,34,F
4317,33,F
4318,20,M
4319,23,F
4320,23,M
4321,24,F
4322,33,M
4323,18,M
4324,23,M
4325,60,M
4326,41,F
4327,48,F
4328,25,F
4329,21,M
4330,28,F
4331,47,M
4332,20,F
4333,25,F
4334,34,F
4335,33,F
4336,47,M
4337,31,M
4338,46,M
4339,18,F
4340,19,M
4341,26,M
4342,31,M
4343,39,F
4344,54,F
4345,43,F
4346,28,M
4347,23,M
4348,20,F
4349,39,F
4350,36,F
4351,39,M
4352,43,F
4353,60,F
4354,44,M
4355,27,M
4356,57,F
4357,45,F
4358,24,M
4359,39,F
4360,23,F
4361,42,M
4362,72,F
4363,50,F
4364,44,M
4365,31,F
4366,40,M
4367,36,M
4368,53,M
4369,41,M
4370,24,F
4371,26,M
4372,44,M
4373,44,M
4374,36,M
4375,51,F
4376,46,F
4377,39,M
4378,41,F
4379,27,M
4380,31,F
4381,44,M
4382,24,M
4383,52,M
4384,30,M
4385,33,F
4386,40,F
4387,23,F
4388,25,M
4389,35,M
4390,54,M
4391,62,F
4392,64,F
4393,23,M
4394,28,F
4395,42,F
4396,49,M
4397,25,F
4398,31,M
4399,38,M
4400,58,F
4401,44,F
4402,22,F
4403,27,F
4404,27,F
4405,30,F
4406,45,F
4407,32,M
4408,41,M
4409,21,M
4410,41,F
4411,26,M
4412,20,M
4413,44,F
4414,29,M
4415,32,M
4416,61,M
4417,21,M
4418,30,M
4419,33,M
4420,36,F
4421,33,M
4422,45,M
4423,39,M
4424,38,M
4425,36,M
4426,61,M
4427,35,M
4428,23,F
4429,41,M
4430,40,M
4431,46,M
4432,25,F
4433,38,F
4434,50,M
4435,58,F
4436,27,M
4437,45,M
4438,50,F
4439,34,M
4440,32,F
4441,56,F
4442,21,F
4443,45,M
4444,26,M
4445,37,F
4446,30,F
4447,33,M
4448,23,M
4449,54,F
4450,18,M
4451,28,M
4452,35,F
4453,23,F
4454,30,F
4455,40,F
4456,25,F
4457,30,F
4458,41,F
4459,41,F
4460,30,F
4461,18,F
4462,41,F
4463,38,F
4464,33,F
4465,30,F
4466,50,F
4467,44,M
4468,42,M
4469,53,F
4470,20,M
4471,56,M
4472,42,F
4473,45,F
4474,37,F
4475,64,M
4476,41,M
4477,29,M
4478,50,F
4479,19,F
4480,25,M
4481,18,F
4482,36,F
4483,22,M
4484,24,F
4485,34,M
4486,24,F
4487,45,F
4488,33,F
4489,27,F
4490,23,F
4491,29,M
4492,30,M
4493,31,F
4494,23,F
4495,21,M
4496,50,M
4497,43,F
4498,52,M
4499,30,F
4500,43,F
4501,24,M
4502,25,F
4503,39,F
4504,45,M
4505,22,M
4506,52,F
4507,32,F
4508,45,F
4509,52,F
4510,31,F
4511,32,M
4512,41,F
4513,26,M
4514,22,M
4515,20,F
4516,26,M
4517,50,F
4518,24,F
4519,48,F
4520,43,F
4521,81,M
4522,26,F
4523,50,F
4524,25,F
4525,19,F
4526,39,M
4527,40,F
4528,36,M
4529,45,M
4530,18,F
4531,45,M
4532,32,F
4533,19,F
4534,55,M
4535,31,M
4536,45,F
4537,27,F
4538,29,M
4539,48,M
4540,34,M
4541,39,F
4542,38,M
4543,36,M
4544,34,M
4545,28,M
4546,44,M
4547,34,F
4548,66,F
4549,28,M
4550,39,M
4551,28,M
4552,33,F
4553,59,F
4554,50,F
4555,38,F
4556,24,M
4557,31,M
4558,39,M
4559,19,F
4560,28,M
4561,30,M
4562,40,F
4563,31,M
4564,33,M
4565,41,M
4566,33,M
4567,27,F
4568,24,M
4569,37,M
4570,40,M
4571,48,M
4572,53,M
4573,36,M
4574,21,M
4575,18,M
4576,33,F
4577,30,M
4578,32,F
4579,23,M
4580,19,F
4581,41,M
4582,31,F
4583,31,F
4584,18,M
4585,23,F
4586,39,F
4587,30,F
4588,21,F
4589,34,F
4590,39,F
4591,48,M
4592,68,F
4593,35,M
4594,42,F
4595,19,F
4596,21,M
4597,43,F
4598,56,F
4599,41,F
4600,43,F
4601,35,F
4602,53,F
4603,62,F
4604,34,M
4605,25,F
4606,39,M
4607,29,F
4608,24,M
4609,19,F
4610,22,M
4611,30,F
4612,24,F
4613,38,M
4614,21,F
4615,35,F
4616,19,M
4617,36,F
4618,39,F
4619,23,M
4620,27,M
4621,33,M
4622,35,M
4623,45,F
4624,21,M
4625,18,M
4626,18,F
4627,27,F
4628,50,M
4629,34,M
4630,35,F
4631,56,M
4632,26,F
4633,55,M
4634,49,F
4635,47,F
4636,32,M
4637,48,F
4638,20,M
4639,19,M
4640,45,F
4641,50,M
4642,44,M
4643,53,F
4644,54,F
4645,42,M
4646,36,F
4647,19,F
4648,21,F
4649,19,F
4650,67,F
4651,21,M
4652,34,F
4653,47,M
4654,40,F
4655,30,F
4656,39,M
4657,48,M
4658,22,F
4659,27,M
4660,39,F
4661,38,M
4662,26,M
4663,29,F
4664,53,F
4665,24,M
4666,34,M
4667,28,M
4668,47,F
4669,39,F
4670,19,F
4671,25,M
4672,50,M
4673,67,F
4674,28,M
4675,53,M
4676,21,F
4677,31,M
4678,25,F
4679,37,M
4680,19,M
4681,37,F
4682,44,F
4683,40,M
4684,21,F
4685,63,M
4686,19,M
4687,27,F
4688,42,M
4689,23,F
4690,52,M
4691,26,M
4692,53,M
4693,44,F
4694,36,F
4695,60,M
4696,26,M
4697,27,F
4698,40,M
4699,42,M
4700,24,F
4701,33,F
4702,36,M
4703,23,M
4704,24,M
4705,61,M
4706,38,F
4707,27,M
4708,48,M
4709,57,F
4710,19,M
4711,36,M
4712,20,M
4713,37,F
4714,28,F
4715,31,M
4716,28,M
4717,51,F
4718,35,F
4719,39,M
4720,32,F
4721,22,F
4722,33,F
4723,29,F
4724,31,F
4725,42,F
4726,74,M
4727,29,F
4728,55,M
4729,48,F
4730,61,F
4731,57,F
4732,24,F
4733,42,F
4734,22,M
4735,36,F
4736,27,M
4737,41,M
4738,53,M
4739,50,F
4740,22,M
4741,42,F
4742,46,M
4743,23,F
4744,20,F
4745,44,F
4746,26,M
4747,70,F
4748,38,M
4749,58,F
4750,59,M
4751,18,M
4752,28,F
4753,31,F
4754,36,M
4755,55,M
4756,32,M
4757,45,M
4758,21,M
4759,32,F
4760,29,M
4761,28,M
4762,23,M
4763,43,M
4764,43,M
4765,19,F
4766,18,F
4767,31,M
4768,49,F
4769,46,F
4770,41,M
4771,37,F
4772,32,F
4773,31,F
4774,48,M
4775,38,M
4776,29,F
4777,19,M
4778,50,F
4779,57,F
4780,41,M
4781,23,F
4782,32,M
4783,52,F
4784,35,F
4785,54,M
4786,35,M
4787,36,F
4788,21,F
4789,24,M
4790,34,F
4791,21,M
4792,47,M
4793,22,F
4794,33,M
4795,28,F
4796,30,M
4797,41,M
4798,30,M
4799,40,F
4800,30,F
4801,37,F
4802,56,M
4803,49,M
4804,49,F
4805,39,F
4806,49,F
4807,38,M
4808,30,F
4809,43,M
4810,19,M
4811,33,F
4812,41,M
4813,21,M
4814,30,M
4815,47,M
4816,40,M
4817,33,F
4818,41,M
4819,48,M
4820,62,M
4821,41,M
4822,29,F
4823,44,M
4824,30,M
4825,33,F
4826,33,F
4827,40,F
4828,29,F
4829,19,M
4830,30,F
4831,35,F
4832,31,M
4833,25,F
4834,24,F
4835,32,F
4836,42,F
4837,38,F
4838,55,M
4839,39,F
4840,41,F
4841,38,F
4842,29,F
4843,20,F
4844,35,F
4845,65,F
4846,39,F
4847,50,M
4848,43,F
4849,24,M
4850,22,F
4851,45,M
4852,54,F
4853,39,F
4854,30,M
4855,21,M
4856,21,M
4857,59,M
4858,20,F
4859,24,M
4860,29,F
4861,40,M
4862,51,F
4863,27,M
4864,45,F
4865,27,M
4866,38,M
4867,35,M
4868,48,M
4869,42,F
4870,31,F
4871,40,M
4872,54,M
4873,55,F
4874,45,M
4875,21,M
4876,40,M
4877,27,F
4878,26,F
4879,36,M
4880,27,M
4881,38,F
4882,50,M
4883,45,F
4884,37,M
4885,30,M
4886,55,F
4887,53,M
4888,41,M
4889,19,M
4890,29,M
4891,25,M
4892,40,F
4893,51,F
4894,45,M
4895,34,F
4896,27,F
4897,25,M
4898,32,F
4899,27,M
4900,20,F
4901,33,M
4902,27,M
4903,49,M
4904,31,F
4905,19,M
4906,34,M
4907,44,M
4908,21,M
4909,18,M
4910,44,M
4911,23,F
4912,27,M
4913,29,F
4914,37,F
4915,36,M
4916,26,F
4917,38,F
4918,29,M
4919,38,F
4920,41,F
4921,36,F
4922,23,F
4923,36,F
4924,19,F
4925,33,M
4926,42,M
4927,36,F
4928,47,M
4929,22,M
4930,24,M
4931,57,F
4932,59,F
4933,19,M
4934,23,M
4935,39,F
4936,25,F
4937,48,M
4938,38,M
4939,50,F
4940,35,F
4941,35,F
4942,27,M
4943,48,M
4944,25,M
4945,24,M
4946,30,F
4947,45,F
4948,39,F
4949,51,F
4950,54,F
4951,40,F
4952,19,F
4953,46,F
4954,54,M
4955,40,F
4956,20,M
4957,28,M
4958,33,M
4959,27,M
4960,39,M
4961,34,M
4962,40,F
4963,73,F
4964,36,F
4965,46,F
4966,43,F
4967,33,M
4968,42,F
4969,36,F
4970,23,F
4971,49,M
4972,24,F
4973,57,M
4974,29,F
4975,31,M
4976,26,F
4977,21,M
4978,18,F
4979,59,M
4980,66,M
4981,25,F
4982,55,F
4983,37,M
4984,43,M
4985,43,M
4986,38,F
4987,46,M
4988,65,M
4989,22,F
4990,40,F
4991,28,M
4992,46,M
4993,61,M
4994,37,F
4995,18,M
4996,27,F
4997,25,F
4998,33,F
4999,35,F
5000,23,F
5001,31,F
5002,62,F
5003,33,F
5004,21,M
5005,27,F
5006,28,F
5007,48,F
5008,26,M
5009,29,M
5010,24,M
5011,44,F
5012,34,F
5013,46,F
5014,23,M
5015,22,F
5016,39,M
5017,47,M
5018,30,M
5019,21,M
5020,38,F
5021,23,M
5022,37,F
5023,30,F
5024,47,F
5025,57,F
5026,26,F
5027,63,F
5028,59,F
5029,48,M
5030,73,F
5031,34,F
5032,50,M
5033,38,M
5034,42,M
5035,28,M
5036,41,M
5037,49,M
5038,50,F
5039,28,F
5040,48,F
5041,19,F
5042,29,F
5043,35,M
5044,37,M
5045,33,M
5046,40,M
5047,30,M
5048,50,F
5049,33,M
5050,32,F
5051,32,F
5052,28,F
5053,56,M
5054,27,M
5055,67,M
5056,52,F
5057,56,F
5058,38,F
5059,36,F
5060,48,M
5061,35,M
5062,61,F
5063,22,F
5064,29,F
5065,38,F
5066,36,F
5067,35,F
5068,40,M
5069,43,M
5070,35,F
5071,18,F
5072,57,M
5073,53,M
5074,23,M
5075,38,F
5076,43,F
5077,22,F
5078,21,M
5079,68,M
5080,47,M
5081,51,M
5082,29,M
5083,38,F
5084,30,F
5085,19,F
5086,29,M
5087,27,M
5088,23,F
5089,40,F
5090,32,F
5091,41,M
5092,48,F
5093,54,M
5094,27,M
5095,50,F
5096,19,M
5097,38,M
5098,33,M
5099,43,M
5100,61,F
5101,30,M
5102,43,F
5103,43,F
5104,26,M
5105,47,M
5106,40,M
5107,39,F
5108,50,M
5109,25,M
5110,32,M
5111,54,M
5112,30,M
5113,57,M
5114,51,F
5115,18,F
5116,29,F
5117,24,F
5118,23,M
5119,21,F
5120,47,F
5121,25,F
5122,28,M
5123,49,M
5124,63,M
5125,41,F
5126,35,F
5127,42,M
5128,25,M
5129,31,M
5130,20,M
5131,41,F
5132,45,M
5133,29,F
5134,37,M
5135,41,M
5136,48,M
5137,34,M
5138,31,F
5139,32,F
5140,59,F
5141,39,F
5142,47,M
5143,35,M
5144,52,M
5145,27,M
5146,36,M
5147,23,M
5148,38,M
5149,59,F
5150,61,M
5151,34,F
5152,20,F
5153,45,M
5154,28,M
5155,51,F
5156,71,F
5157,43,M
5158,19,M
5159,65,M
5160,68,M
5161,32,F
5162,24,F
5163,36,F
5164,34,M
5165,33,F
5166,29,F
5167,35,F
5168,41,M
5169,26,F
5170,25,F
5171,26,F
5172,46,F
5173,45,M
5174,47,M
5175,35,F
5176,66,F
5177,23,M
5178,45,F
5179,31,M
5180,36,F
5181,42,M
5182,63,F
5183,47,M
5184,26,M
5185,47,M
5186,63,F
5187,40,F
5188,36,F
5189,18,M
5190,60,M
5191,37,F
5192,45,F
5193,52,F
5194,51,M
5195,19,F
5196,31,M
5197,21,F
5198,43,M
5199,37,F
5200,20,M
5201,21,M
5202,27,F
5203,21,F
5204,28,M
5205,41,M
5206,40,F
5207,27,F
5208,46,M
5209,18,M
5210,57,F
5211,21,M
5212,38,M
5213,33,F
5214,30,F
5215,28,M
5216,63,M
5217,30,F
5218,53,M
5219,49,F
5220,28,F
5221,18,M
5222,22,F
5223,55,F
5224,31,F
5225,38,F
5226,49,F
5227,27,M
5228,19,M
5229,38,F
5230,55,F
5231,26,M
5232,48,F
5233,42,M
5234,28,F
5235,57,M
5236,28,F
5237,32,M
5238,74,F
5239,25,M
5240,40,M
5241,40,M
5242,37,F
5243,56,M
5244,51,M
5245,18,F
5246,57,F
5247,21,F
5248,67,F
5249,19,F
5250,44,M
5251,40,F
5252,37,F
5253,33,F
5254,21,F
5255,37,M
5256,41,F
5257,33,F
5258,44,F
5259,47,F
5260,30,M
5261,28,M
5262,41,F
5263,51,M
5264,59,F
5265,41,F
5266,58,M
5267,24,M
5268,39,F
5269,34,F
5270,44,F
5271,19,M
5272,34,M
5273,34,M
5274,29,F
5275,21,M
5276,56,M
5277,48,M
5278,37,F
5279,40,M
5280,34,F
5281,29,M
5282,21,F
5283,58,M
5284,33,M
5285,25,F
5286,18,M
5287,45,M
5288,47,M
5289,50,F
5290,47,F
5291,38,F
5292,37,F
5293,41,F
5294,28,M
5295,42,F
5296,18,F
5297,21,F
5298,41,M
5299,37,M
5300,27,M
5301,19,M
5302,33,M
5303,44,F
5304,31,F
5305,38,M
5306,19,F
5307,38,M
5308,31,M
5309,23,F
5310,34,M
5311,35,F
5312,29,M
5313,29,F
5314,34,M
5315,26,M
5316,29,F
5317,36,F
5318,47,M
5319,40,F
5320,22,F
5321,31,M
5322,45,M
5323,26,M
5324,48,M
5325,44,F
5326,27,M
5327,43,F
5328,19,M
5329,43,M
5330,51,M
5331,62,F
5332,24,F
5333,68,F
5334,31,M
5335,58,M
5336,27,M
5337,46,F
5338,42,F
5339,43,F
5340,20,M
5341,40,M
5342,39,M
5343,31,F
5344,23,F
5345,34,F
5346,37,F
5347,59,M
5348,26,M
5349,45,M
5350,76,M
5351,42,M
5352,30,F
5353,21,M
5354,41,F
5355,25,F
5356,27,M
5357,28,F
5358,29,F
5359,27,F
5360,38,F
5361,49,F
5362,55,F
5363,33,F
5364,28,M
5365,43,M
5366,26,M
5367,46,M
5368,24,M
5369,19,M
5370,45,F
5371,19,M
5372,40,F
5373,23,M
5374,28,F
5375,39,M
5376,47,F
5377,44,F
5378,26,F
5379,42,F
5380,29,F
5381,47,F
5382,52,F
5383,53,F
5384,26,F
5385,20,F
5386,43,M
5387,23,F
5388,36,M
5389,46,M
5390,39,M
5391,19,F
5392,35,M
5393,21,F
5394,30,F
5395,33,F
5396,28,M
5397,37,M
5398,30,F
5399,27,F
5400,39,F
5401,21,F
5402,26,F
5403,47,F
5404,18,F
5405,21,F
5406,23,F
5407,50,M
5408,24,F
5409,36,M
5410,36,F
5411,42,F
5412,37,F
5413,23,F
5414,28,M
5415,27,M
5416,38,F
5417,44,F
5418,66,F
5419,38,M
5420,30,M
5421,41,M
5422,37,M
5423,39,F
5424,38,F
5425,47,M
5426,25,F
5427,24,M
5428,48,F
5429,20,F
5430,39,M
5431,34,F
5432,44,F
5433,53,M
5434,40,F
5435,54,F
5436,40,F
5437,34,M
5438,49,M
5439,19,F
5440,28,F
5441,47,M
5442,22,F
5443,32,F
5444,53,F
5445,26,F
5446,21,M
5447,30,F
5448,18,M
5449,43,M
5450,41,M
5451,41,M
5452,52,F
5453,40,F
5454,26,F
5455,22,F
5456,32,F
5457,37,M
5458,36,M
5459,40,F
5460,24,M
5461,27,F
5462,52,M
5463,41,M
5464,36,F
5465,20,M
5466,26,M
5467,32,M
5468,47,M
5469,47,M
5470,37,F
5471,38,F
5472,25,M
5473,51,M
5474,36,F
5475,19,M
5476,71,M
5477,52,F
5478,40,M
5479,39,M
5480,20,M
5481,33,M
5482,46,M
5483,46,F
5484,47,F
5485,18,F
5486,29,F
5487,29,F
5488,26,F
5489,40,M
5490,34,M
5491,20,M
5492,23,F
5493,37,M
5494,42,M
5495,47,F
5496,45,M
5497,21,M
5498,31,F
5499,29,M
5500,65,M
5501,32,F
5502,33,M
5503,57,F
5504,25,F
5505,47,F
5506,30,F
5507,32,F
5508,19,M
5509,41,F
5510,32,F
5511,61,M
5512,22,F
5513,34,M
5514,24,F
5515,31,M
5516,24,M
5517,23,M
5518,53,M
5519,43,M
5520,28,M
5521,48,F
5522,39,M
5523,25,F
5524,23,F
5525,39,F
5526,43,F
5527,20,M
5528,33,M
5529,36,M
5530,50,F
5531,58,F
5532,29,M
5533,65,F
5534,48,F
5535,40,M
5536,28,M
5537,39,F
5538,26,F
5539,45,F
5540,35,M
5541,33,F
5542,39,M
5543,22,M
5544,64,M
5545,37,M
5546,22,F
5547,22,F
5548,47,F
5549,41,M
5550,27,F
5551,36,M
5552,21,F
5553,44,M
5554,25,F
5555,53,M
5556,42,F
5557,52,M
5558,38,F
5559,33,M
5560,36,M
5561,37,M
5562,57,M
5563,30,M
5564,20,M
5565,57,F
5566,19,M
5567,51,F
5568,30,M
5569,38,F
5570,27,M
5571,31,M
5572,44,F
5573,42,M
5574,35,F
5575,33,M
5576,22,M
5577,42,F
5578,39,F
5579,23,M
5580,32,M
5581,35,F
5582,40,M
5583,26,F
5584,40,F
5585,33,M
5586,19,M
5587,44,M
5588,32,F
5589,30,M
5590,37,M
5591,40,F
5592,25,F
5593,20,M
5594,23,M
5595,32,M
5596,49,M
5597,50,M
5598,36,F
5599,36,F
5600,45,F
5601,34,F
5602,40,F
5603,45,M
5604,53,F
5605,46,M
5606,21,M
5607,42,M
5608,48,M
5609,45,F
5610,39,F
5611,34,F
5612,33,M
5613,20,F
5614,57,F
5615,20,M
5616,25,M
5617,45,M
5618,36,M
5619,38,F
5620,41,F
5621,19,F
5622,44,M
5623,37,M
5624,24,F
5625,28,F
5626,50,M
5627,35,F
5628,43,M
5629,68,F
5630,47,F
5631,34,F
5632,22,M
5633,50,F
5634,44,M
5635,28,F
5636,21,F
5637,51,M
5638,38,M
5639,21,F
5640,47,M
5641,44,F
5642,22,F
5643,23,F
5644,29,F
5645,60,M
5646,58,F
5647,30,F
5648,19,M
5649,39,M
5650,43,F
5651,45,F
5652,66,M
5653,28,M
5654,44,M
5655,31,M
5656,23,M
5657,23,M
5658,18,F
5659,22,M
5660,36,F
5661,42,F
5662,28,F
5663,27,F
5664,37,M
5665,41,F
5666,46,M
5667,20,F
5668,46,M
5669,25,F
5670,27,M
5671,30,M
5672,23,M
5673,18,F
5674,24,F
5675,19,F
5676,46,F
5677,34,M
5678,45,F
5679,29,F
5680,45,M
5681,44,M
5682,46,M
5683,32,F
5684,36,F
5685,29,M
5686,28,F
5687,33,F
5688,48,F
5689,22,M
5690,49,F
5691,46,M
5692,42,M
5693,74,F
5694,42,F
5695,21,F
5696,22,F
5697,36,F
5698,23,M
5699,19,M
5700,43,M
5701,30,F
5702,28,F
5703,35,F
5704,30,F
5705,23,M
5706,20,F
5707,32,M
5708,41,F
5709,33,M
5710,47,M
5711,36,M
5712,39,F
5713,37,M
5714,26,M
5715,29,M
5716,34,F
5717,44,M
5718,48,M
5719,30,M
5720,43,F
5721,31,M
5722,33,F
5723,27,M
5724,22,F
5725,46,M
5726,47,M
5727,37,F
5728,35,F
5729,21,M
5730,53,M
5731,30,F
5732,23,M
5733,27,M
5734,34,F
5735,35,M
5736,27,F
5737,23,F
5738,44,M
5739,50,F
5740,35,M
5741,41,F
5742,47,F
5743,20,M
5744,47,F
5745,46,F
5746,29,M
5747,45,M
5748,32,M
5749,32,M
5750,51,F
5751,36,M
5752,32,F
5753,32,F
5754,35,F
5755,64,F
5756,54,F
5757,50,M
5758,30,M
5759,35,M
5760,55,M
5761,38,M
5762,29,M
5763,29,M
5764,31,F
5765,27,F
5766,32,F
5767,37,F
5768,19,M
5769,19,F
5770,29,F
5771,48,F
5772,25,M
5773,32,M
5774,37,F
5775,20,M
5776,26,M
5777,28,M
5778,41,M
5779,41,F
5780,19,M
5781,27,M
5782,48,M
5783,65,F
5784,22,M
5785,52,M
5786,36,F
5787,25,M
5788,30,M
5789,23,M
5790,22,F
5791,39,M
5792,36,F
5793,29,F
5794,40,M
5795,29,F
5796,33,F
5797,26,F
5798,21,M
5799,44,M
5800,42,F
5801,58,F
5802,46,M
5803,33,F
5804,31,M
5805,30,F
5806,52,M
5807,24,F
5808,43,M
5809,28,F
5810,35,F
5811,57,M
5812,48,F
5813,21,F
5814,31,M
5815,21,F
5816,61,F
5817,42,M
5818,38,M
5819,34,M
5820,33,M
5821,32,F
5822,47,M
5823,36,M
5824,30,F
5825,20,M
5826,39,M
5827,39,M
5828,32,F
5829,46,F
5830,20,M
5831,21,F
5832,28,M
5833,60,M
5834,49,F
5835,55,M
5836,39,M
5837,21,M
5838,59,M
5839,19,M
5840,66,M
5841,31,M
5842,21,F
5843,44,M
5844,18,M
5845,22,F
5846,45,M
5847,58,M
5848,45,F
5849,35,F
5850,37,F
5851,30,M
5852,39,F
5853,44,M
5854,58,M
5855,41,F
5856,33,M
5857,27,M
5858,42,F
5859,36,M
5860,47,M
5861,46,M
5862,33,F
5863,56,M
5864,30,F
5865,28,M
5866,36,M
5867,48,F
5868,27,F
5869,29,F
5870,38,M
5871,31,F
5872,39,F
5873,34,M
5874,34,M
5875,23,M
5876,19,M
5877,26,M
5878,46,M
5879,49,M
5880,32,M
5881,29,M
5882,44,M
5883,19,M
5884,45,F
5885,38,M
5886,30,M
5887,61,F
5888,18,M
5889,53,F
5890,23,M
5891,24,M
5892,23,F
5893,25,M
5894,43,F
5895,42,M
5896,29,F
5897,57,M
5898,40,M
5899,47,M
5900,31,M
5901,28,F
5902,28,F
5903,32,M
5904,29,M
5905,23,F
5906,35,F
5907,36,F
5908,34,F
5909,38,F
5910,24,F
5911,49,F
5912,29,F
5913,32,F
5914,45,M
5915,30,M
5916,33,F
5917,41,M
5918,40,M
5919,20,F
5920,46,F
5921,42,F
5922,25,M
5923,36,F
5924,22,F
5925,61,F
5926,26,F
5927,29,M
5928,32,M
5929,30,F
5930,51,M
5931,53,M
5932,28,F
5933,39,F
5934,60,M
5935,32,M
5936,49,M
5937,48,M
5938,36,M
5939,37,M
5940,27,F
5941,18,M
5942,19,M
5943,24,M
5944,37,M
5945,29,M
5946,27,M
5947,66,F
5948,29,M
5949,34,F
5950,40,F
5951,43,M
5952,41,M
5953,39,M
5954,42,M
5955,31,M
5956,28,F
5957,41,M
5958,26,M
5959,25,F
5960,32,M
5961,41,M
5962,54,F
5963,55,M
5964,34,F
5965,67,M
5966,33,M
5967,44,M
5968,18,M
5969,19,M
5970,54,M
5971,26,M
5972,28,M
5973,45,M
5974,54,M
5975,51,M
5976,38,F
5977,27,M
5978,34,F
5979,19,F
5980,22,F
5981,30,F
5982,27,M
5983,22,F
5984,32,M
5985,33,M
5986,18,F
5987,41,M
5988,24,M
5989,20,F
5990,32,M
5991,23,F
5992,37,F
5993,64,F
5994,30,M
5995,35,F
5996,36,F
5997,31,M
5998,27,F
5999,68,F
6000,27,F
